{
    "name": "datetextentry",
    "title": "jQuery datetextentry",
    "description": "jQuery plugin for date entry and validation (not a date picker).  Provides separate fields for day, month and year with immediate feedback for validation errors.",
    "keywords": [
        "date",
        "validation"
    ],
    "version": "2.0.12",
    "author": {
        "name": "Grant McLean",
        "email": "grant@mclean.net.nz",
        "url": "https://github.com/grantm"
    },
    "maintainers": [
        {
            "name": "Grant McLean",
            "email": "grant@mclean.net.nz",
            "url": "https://github.com/grantm"
        }
    ],
    "licenses": [
        {
            "type": "MIT",
            "url": "https://github.com/grantm/jquery-datetextentry/blob/master/LICENSE"
        },
        {
            "type": "GPLv3",
            "url": "https://github.com/grantm/jquery-datetextentry/blob/master/LICENSE"
        }
    ],
    "bugs": "https://github.com/grantm/jquery-datetextentry/issues",
    "homepage": "http://grantm.github.com/jquery-datetextentry/",
    "docs": "http://grantm.github.com/jquery-datetextentry/",
    "demo": "http://grantm.github.com/jquery-datetextentry/#examples",
    "dependencies": {
        "jquery": ">=1.6"
    }
}
